,bins_logM_,quant16_m,quant50_m,quant84_m,quant05_m,quant95_m,quant01_m,quant99_m,quant16_s,quant50_s,quant84_s,quant05_s,quant95_s,quant01_s,quant99_s
0,5.0,0.0,0.0,0.0,0.0,3.1622776601683796e-06,0.0,1.2652272918333971e-05,0.0,0.0,0.0,0.0,1.5811388300841898e-05,0.0,2.8460498941515414e-05
1,5.070707070707071,0.0,0.0,0.0,0.0,3.1622776601683796e-06,0.0,1.2652272918333971e-05,0.0,0.0,0.0,0.0,1.5811388300841898e-05,0.0,2.8460498941515414e-05
2,5.070707070707071,0.0,0.0,0.0,0.0,6.324555320336758e-06,0.0,1.5811388300841898e-05,0.0,0.0,0.0,0.0,2.2135943621178656e-05,0.0,4.111593413750984e-05
3,5.141414141414141,0.0,0.0,0.0,0.0,6.324555320336758e-06,0.0,1.5811388300841898e-05,0.0,0.0,0.0,0.0,2.2135943621178656e-05,0.0,4.111593413750984e-05
4,5.141414141414141,0.0,0.0,0.0,0.0,6.324555320336759e-06,0.0,1.8979990516331183e-05,0.0,0.0,0.0,0.0,3.1622776601683795e-05,0.0,6.008643782085966e-05
5,5.212121212121212,0.0,0.0,0.0,0.0,6.324555320336759e-06,0.0,1.8979990516331183e-05,0.0,0.0,0.0,0.0,3.1622776601683795e-05,0.0,6.008643782085966e-05
6,5.212121212121212,0.0,0.0,0.0,0.0,9.48683298050514e-06,0.0,2.214226817649956e-05,0.0,0.0,0.0,0.0,4.110960958218893e-05,0.0,6.642047997417778e-05
7,5.282828282828283,0.0,0.0,0.0,0.0,9.48683298050514e-06,0.0,2.214226817649956e-05,0.0,0.0,0.0,0.0,4.110960958218893e-05,0.0,6.642047997417778e-05
8,5.282828282828283,0.0,0.0,0.0,0.0,1.2649110640673517e-05,0.0,2.8463661219175874e-05,0.0,0.0,0.0,0.0,4.7506897288709644e-05,0.0,7.592312434298518e-05
9,5.353535353535354,0.0,0.0,0.0,0.0,1.2649110640673517e-05,0.0,2.8463661219175874e-05,0.0,0.0,0.0,0.0,4.7506897288709644e-05,0.0,7.592312434298518e-05
10,5.353535353535354,0.0,0.0,0.0,0.0,1.2649110640673518e-05,0.0,3.1622776601683795e-05,0.0,0.0,0.0,0.0,6.0083275543199206e-05,0.0,8.540679504582986e-05
11,5.424242424242424,0.0,0.0,0.0,0.0,1.2649110640673518e-05,0.0,3.1622776601683795e-05,0.0,0.0,0.0,0.0,6.0083275543199206e-05,0.0,8.540679504582986e-05
12,5.424242424242424,0.0,0.0,0.0,0.0,1.5811388300841898e-05,0.0,3.1622776601683795e-05,0.0,0.0,0.0,0.0,7.273238618387273e-05,0.0,0.00010120553423602998
13,5.494949494949495,0.0,0.0,0.0,0.0,1.5811388300841898e-05,0.0,3.1622776601683795e-05,0.0,0.0,0.0,0.0,7.273238618387273e-05,0.0,0.00010120553423602998
14,5.494949494949495,0.0,0.0,0.0,0.0,1.8973665961010275e-05,0.0,3.4791378817173084e-05,0.0,0.0,0.0,0.0,8.538149682454625e-05,0.0,0.00011701376025921139
15,5.565656565656566,0.0,0.0,0.0,0.0,1.8973665961010275e-05,0.0,3.4791378817173084e-05,0.0,0.0,0.0,0.0,8.538149682454625e-05,0.0,0.00011701376025921139
16,5.565656565656566,0.0,0.0,0.0,0.0,2.2135943621178656e-05,0.0,4.111277185984939e-05,0.0,0.0,0.0,0.0,0.00010119288512538813,0.0,0.00014546477236774546
17,5.636363636363637,0.0,0.0,0.0,0.0,2.2135943621178656e-05,0.0,4.111277185984939e-05,0.0,0.0,0.0,0.0,0.00010119288512538813,0.0,0.00014546477236774546
18,5.636363636363637,0.0,0.0,0.0,0.0,2.5298221281347034e-05,0.0,4.4275049520017764e-05,0.0,0.0,0.0,0.0,0.00011075245049207724,0.0,0.00015812969439672127
19,5.707070707070707,0.0,0.0,0.0,0.0,2.5298221281347034e-05,0.0,4.4275049520017764e-05,0.0,0.0,0.0,0.0,0.00011075245049207724,0.0,0.00015812969439672127
20,5.707070707070707,0.0,0.0,0.0,0.0,2.853323132769937e-05,0.0,5.059960484035453e-05,0.0,0.0,0.0,0.0,0.00012649110640673518,0.0,0.00018025298890725805
21,5.777777777777778,0.0,0.0,0.0,0.0,2.853323132769937e-05,0.0,5.059960484035453e-05,0.0,0.0,0.0,0.0,0.00012649110640673518,0.0,0.00018025298890725805
22,5.777777777777778,0.0,0.0,0.0,0.0,3.478505426185217e-05,0.0,5.692416016069129e-05,0.0,0.0,0.0,0.0,0.0001486270500279138,0.0,0.00020871348784877347
23,5.848484848484849,0.0,0.0,0.0,0.0,3.478505426185217e-05,0.0,5.692416016069129e-05,0.0,0.0,0.0,0.0,0.0001486270500279138,0.0,0.00020871348784877347
24,5.848484848484849,0.0,0.0,0.0,0.0,4.110960958218893e-05,0.0,6.0089600098520125e-05,0.0,0.0,0.0,0.0,0.0001645111707149397,0.0,0.00023401487140778103
25,5.919191919191919,0.0,0.0,0.0,0.0,4.110960958218893e-05,0.0,6.0089600098520125e-05,0.0,0.0,0.0,0.0,0.0001645111707149397,0.0,0.00023401487140778103
26,5.919191919191919,0.0,0.0,0.0,0.0,4.434461962854127e-05,0.0,6.64204799741778e-05,0.0,0.0,3.1622776601683795e-05,0.0,0.00018973665961010273,0.0,0.0002687936011143122
27,5.98989898989899,0.0,0.0,0.0,0.0,4.434461962854127e-05,0.0,6.64204799741778e-05,0.0,0.0,3.1622776601683795e-05,0.0,0.00018973665961010273,0.0,0.0002687936011143122
28,5.98989898989899,0.0,0.0,0.0,0.0,4.750689728870965e-05,0.0,7.906326605953039e-05,0.0,0.0,6.324555320336759e-05,0.0,0.00021510761327763375,0.0,0.00028777675390830385
29,6.0606060606060606,0.0,0.0,0.0,0.0,4.750689728870965e-05,0.0,7.906326605953039e-05,0.0,0.0,6.324555320336759e-05,0.0,0.00021510761327763375,0.0,0.00028777675390830385
30,6.0606060606060606,0.0,0.0,0.0,0.0,5.375872022286245e-05,0.0,8.854693676237508e-05,0.0,0.0,6.324555320336759e-05,0.0,0.00023724355689881246,0.0,0.0003099221843624639
31,6.1313131313131315,0.0,0.0,0.0,0.0,5.375872022286245e-05,0.0,8.854693676237508e-05,0.0,0.0,6.324555320336759e-05,0.0,0.00023724355689881246,0.0,0.0003099221843624639
32,6.1313131313131315,0.0,0.0,3.1622776601683795e-05,0.0,5.699373026921479e-05,0.0,8.855326131769599e-05,0.0,0.0,9.486832980505138e-05,0.0,0.00026570405584032777,0.0,0.0003573437001543478
33,6.202020202020202,0.0,0.0,3.1622776601683795e-05,0.0,5.699373026921479e-05,0.0,8.855326131769599e-05,0.0,0.0,9.486832980505138e-05,0.0,0.00026570405584032777,0.0,0.0003573437001543478
34,6.202020202020202,0.0,0.0,3.1622776601683795e-05,0.0,6.640783086353597e-05,0.0,9.172186353318528e-05,0.0,0.0,0.00012649110640673518,0.0,0.0002909295447354909,0.0,0.00039529419435402883
35,6.2727272727272725,0.0,0.0,3.1622776601683795e-05,0.0,6.640783086353597e-05,0.0,9.172186353318528e-05,0.0,0.0,0.00012649110640673518,0.0,0.0002909295447354909,0.0,0.00039529419435402883
36,6.2727272727272725,0.0,0.0,3.1622776601683795e-05,0.0,7.589466384404111e-05,0.0,0.00011068604266121419,0.0,0.0,0.00015811388300841897,0.0,0.0003193900436770063,0.0,0.00043641961532452
37,6.343434343434343,0.0,0.0,3.1622776601683795e-05,0.0,7.589466384404111e-05,0.0,0.00011068604266121419,0.0,0.0,0.00015811388300841897,0.0,0.0003193900436770063,0.0,0.00043641961532452
38,6.343434343434343,0.0,0.0,3.1622776601683795e-05,0.0,8.221921916437787e-05,0.0,0.00011700743570389051,0.0,0.0,0.00018973665961010276,0.0,0.0003510855526648741,0.0,0.0004901814978250429
39,6.414141414141414,0.0,0.0,3.1622776601683795e-05,0.0,8.221921916437787e-05,0.0,0.00011700743570389051,0.0,0.0,0.00018973665961010276,0.0,0.0003510855526648741,0.0,0.0004901814978250429
40,6.414141414141414,0.0,0.0,3.1622776601683795e-05,0.0,9.170605214488301e-05,0.0,0.00012649426868439567,0.0,0.0,0.00022135943621178657,0.0,0.0003858706069267263,0.0,0.0005471309562070178
41,6.484848484848484,0.0,0.0,3.1622776601683795e-05,0.0,9.170605214488301e-05,0.0,0.00012649426868439567,0.0,0.0,0.00022135943621178657,0.0,0.0003858706069267263,0.0,0.0005471309562070178
42,6.484848484848484,0.0,0.0,6.324555320336759e-05,0.0,9.803060746521978e-05,0.0,0.00013598110166490075,0.0,0.0,0.00025298221281347036,0.0,0.0004269074841227313,0.0,0.0006198601801132302
43,6.555555555555555,0.0,0.0,6.324555320336759e-05,0.0,9.803060746521978e-05,0.0,0.00013598110166490075,0.0,0.0,0.00025298221281347036,0.0,0.0004269074841227313,0.0,0.0006198601801132302
44,6.555555555555555,0.0,0.0,6.324555320336759e-05,0.0,0.00011067971810589329,0.0,0.00014862705002791383,0.0,0.0,0.0002846049894151541,0.0,0.0004680898260911041,0.0,0.0006578138365905717
45,6.626262626262626,0.0,0.0,6.324555320336759e-05,0.0,0.00011067971810589329,0.0,0.00014862705002791383,0.0,0.0,0.0002846049894151541,0.0,0.0004680898260911041,0.0,0.0006578138365905717
46,6.626262626262626,0.0,0.0,6.324555320336759e-05,0.0,0.00012016655108639843,0.0,0.00014863969913855567,0.0,0.0,0.00031622776601683794,0.0,0.0005123617133334615,0.0,0.0007463892338518907
47,6.696969696969697,0.0,0.0,6.324555320336759e-05,0.0,0.00012016655108639843,0.0,0.00014863969913855567,0.0,0.0,0.00031622776601683794,0.0,0.0005123617133334615,0.0,0.0007463892338518907
48,6.696969696969697,0.0,0.0,6.324555320336759e-05,0.0,0.00013597793938724032,0.0,0.00017077248048207383,0.0,0.0,0.0003478505426185217,0.0,0.0005597231458498032,0.0,0.0008222997090842341
49,6.767676767676767,0.0,0.0,6.324555320336759e-05,0.0,0.00013597793938724032,0.0,0.00017077248048207383,0.0,0.0,0.0003478505426185217,0.0,0.0005597231458498032,0.0,0.0008222997090842341
50,6.767676767676767,0.0,0.0,9.486832980505138e-05,0.0,0.0001486997824140978,0.0,0.0001865870310605762,0.0,0.0,0.0004110960958218893,0.0,0.0006103923207986811,0.0,0.0008950384198234278
51,6.838383838383838,0.0,0.0,9.486832980505138e-05,0.0,0.0001486997824140978,0.0,0.0001865870310605762,0.0,0.0,0.0004110960958218893,0.0,0.0006103923207986811,0.0,0.0008950384198234278
52,6.838383838383838,0.0,0.0,9.486832980505138e-05,0.0,0.0001644384383287557,0.0,0.00020555437246626556,0.0,0.0,0.00044271887242357315,0.0,0.0006799624293223856,0.0,0.00095196890453944
53,6.909090909090909,0.0,0.0,9.486832980505138e-05,0.0,0.0001644384383287557,0.0,0.00020555437246626556,0.0,0.0,0.00044271887242357315,0.0,0.0006799624293223856,0.0,0.00095196890453944
54,6.909090909090909,0.0,0.0,0.00012649110640673518,0.0,0.00017708754896942925,0.0,0.000221362598489447,0.0,0.0,0.0005059644256269407,0.0,0.0007399729724794008,0.0,0.001021494741175898
55,6.979797979797979,0.0,0.0,0.00012649110640673518,0.0,0.00017708754896942925,0.0,0.000221362598489447,0.0,0.0,0.0005059644256269407,0.0,0.0007399729724794008,0.0,0.001021494741175898
56,6.979797979797979,-0.0,0.0,0.00012649110640673518,-7.905694150420949e-06,0.00019448007610035531,-7.905694150420949e-06,0.0002450891677736912,-3.1622776601683795e-05,0.001,0.0005375872022286245,-3.952847075210475e-05,0.0007636900549306636,-3.952847075210475e-05,0.0010925890675317984
57,7.05050505050505,-0.0,0.0,0.00012649110640673518,-7.905694150420949e-06,0.00019448007610035531,-7.905694150420949e-06,0.0002450891677736912,-3.1622776601683795e-05,0.001,0.0005375872022286245,-3.952847075210475e-05,0.0007636900549306636,-3.952847075210475e-05,0.0010925890675317984
58,7.05050505050505,-3.1622776601683795e-05,0.001,0.00012649110640673518,-2.2135943621178656e-05,0.00019620667970280742,-2.2135943621178656e-05,0.00026247853262695693,-0.00012649110640673518,0.004,0.0005059644256269407,-0.00011542313459614583,0.0007638355197030315,-0.00011542313459614583,0.001102094874178266
59,7.121212121212121,-3.1622776601683795e-05,0.001,0.00012649110640673518,-2.2135943621178656e-05,0.00019620667970280742,-2.2135943621178656e-05,0.00026247853262695693,-0.00012649110640673518,0.004,0.0005059644256269407,-0.00011542313459614583,0.0007638355197030315,-0.00011542313459614583,0.001102094874178266
60,7.121212121212121,-3.1622776601683795e-05,0.001,0.00012649110640673518,-4.110960958218893e-05,0.0002023857702507763,-4.110960958218893e-05,0.0002719716901627829,-0.00018973665961010276,0.006,0.0005375872022286245,-0.00018024982662959765,0.0007749034915136211,-0.00018024982662959765,0.0011068572643344818
61,7.191919191919192,-3.1622776601683795e-05,0.001,0.00012649110640673518,-4.110960958218893e-05,0.0002023857702507763,-4.110960958218893e-05,0.0002719716901627829,-0.00018973665961010276,0.006,0.0005375872022286245,-0.00018024982662959765,0.0007749034915136211,-0.00018024982662959765,0.0011068572643344818
62,7.191919191919192,-6.324555320336759e-05,0.002,0.00012649110640673518,-5.692099788303083e-05,0.00020238577025077632,-5.692099788303083e-05,0.00030042270227131695,-0.00025298221281347036,0.008,0.0005059644256269407,-0.00025930676813380716,0.0008033639904551365,-0.00025930676813380716,0.0011416170203750503
63,7.262626262626263,-6.324555320336759e-05,0.002,0.00012649110640673518,-5.692099788303083e-05,0.00020238577025077632,-5.692099788303083e-05,0.00030042270227131695,-0.00025298221281347036,0.008,0.0005059644256269407,-0.00025930676813380716,0.0008033639904551365,-0.00025930676813380716,0.0011416170203750503
64,7.262626262626263,-6.324555320336759e-05,0.002,0.00012649110640673518,-7.589466384404111e-05,0.00021503488089144972,-7.589466384404111e-05,0.00032256180817015603,-0.0003478505426185217,0.011,0.0005059644256269407,-0.00034468826495835333,0.000825427201690131,-0.00034468826495835333,0.0011859553154482767
65,7.333333333333333,-6.324555320336759e-05,0.002,0.00012649110640673518,-7.589466384404111e-05,0.00021503488089144972,-7.589466384404111e-05,0.00032256180817015603,-0.0003478505426185217,0.011,0.0005059644256269407,-0.00034468826495835333,0.000825427201690131,-0.00034468826495835333,0.0011859553154482767
66,7.333333333333333,-9.486832980505138e-05,0.003,0.00012649110640673518,-9.803060746521978e-05,0.00022143216859797058,-9.803060746521978e-05,0.0003478726785621449,-0.00044271887242357315,0.014,0.0005059644256269407,-0.0004395565947634047,0.0008224103888023304,-0.0004395565947634047,0.001249185057263342
67,7.404040404040404,-9.486832980505138e-05,0.003,0.00012649110640673518,-9.803060746521978e-05,0.00022143216859797058,-9.803060746521978e-05,0.0003478726785621449,-0.00044271887242357315,0.014,0.0005059644256269407,-0.0004395565947634047,0.0008224103888023304,-0.0004395565947634047,0.001249185057263342
68,7.404040404040404,-0.00012649110640673518,0.004,0.00012649110640673518,-0.00012174768991648261,0.00023875196334271267,-0.00012174768991648261,0.00035263823099602055,-0.0005375872022286245,0.017,0.0005059644256269407,-0.0005312626469082878,0.0008480722720145973,-0.0005312626469082878,0.0012935138655035872
69,7.474747474747474,-0.00012649110640673518,0.004,0.00012649110640673518,-0.00012174768991648261,0.00023875196334271267,-0.00012174768991648261,0.00035263823099602055,-0.0005375872022286245,0.017,0.0005059644256269407,-0.0005312626469082878,0.0008480722720145973,-0.0005312626469082878,0.0012935138655035872
70,7.474747474747474,-0.00012649110640673518,0.005,0.00012649110640673518,-0.0001486270500279138,0.000249819935153302,-0.0001486270500279138,0.0003858453087054491,-0.0005692099788303082,0.02,0.0005059644256269407,-0.0006435235038442653,0.0008680452177162197,-0.0006435235038442653,0.0013014796429295567
71,7.545454545454545,-0.00012649110640673518,0.005,0.00012649110640673518,-0.0001486270500279138,0.000249819935153302,-0.0001486270500279138,0.0003858453087054491,-0.0005692099788303082,0.02,0.0005059644256269407,-0.0006435235038442653,0.0008680452177162197,-0.0006435235038442653,0.0013014796429295567
72,7.545454545454545,-0.00012649110640673518,0.006,0.00012649110640673518,-0.00017708754896942925,0.0002531276775858383,-0.00017708754896942925,0.000389045533697543,-0.0005692099788303082,0.024,0.0005059644256269407,-0.0007542032219501585,0.0008808397931292619,-0.0007542032219501585,0.0013015144279838217
73,7.616161616161616,-0.00012649110640673518,0.006,0.00012649110640673518,-0.00017708754896942925,0.0002531276775858383,-0.00017708754896942925,0.000389045533697543,-0.0005692099788303082,0.024,0.0005059644256269407,-0.0007542032219501585,0.0008808397931292619,-0.0007542032219501585,0.0013015144279838217
74,7.616161616161616,-0.00012649110640673518,0.007,0.00012649110640673518,-0.00020554804791094467,0.000259524965292359,-0.00020554804791094467,0.00039222678502367407,-0.0006008327554319921,0.028,0.0005059644256269407,-0.0008712074953763885,0.0009098094187740649,-0.0008712074953763885,0.0013805429089890876
75,7.686868686868687,-0.00012649110640673518,0.007,0.00012649110640673518,-0.00020554804791094467,0.000259524965292359,-0.00020554804791094467,0.00039222678502367407,-0.0006008327554319921,0.028,0.0005059644256269407,-0.0008712074953763885,0.0009098094187740649,-0.0008712074953763885,0.0013805429089890876
76,7.686868686868687,-0.00015811388300841897,0.008,0.00012649110640673518,-0.00024033310217279685,0.00027202861116066467,-0.00024033310217279685,0.00043332374549522116,-0.0005692099788303082,0.032,0.0005059644256269407,-0.000999279740613208,0.0009392691974561924,-0.000999279740613208,0.0014612284234882878
77,7.757575757575758,-0.00015811388300841897,0.008,0.00012649110640673518,-0.00024033310217279685,0.00027202861116066467,-0.00024033310217279685,0.00043332374549522116,-0.0005692099788303082,0.032,0.0005059644256269407,-0.000999279740613208,0.0009392691974561924,-0.000999279740613208,0.0014612284234882878
78,7.757575757575758,-0.00012649110640673518,0.009,0.00015811388300841897,-0.00027828043409481733,0.00027835316648100147,-0.00027828043409481733,0.0004523321965104965,-0.0005692099788303082,0.036,0.0005375872022286245,-0.0011337492735565477,0.0009629862799074551,-0.0011368388188305323,0.001570339651874739
79,7.828282828282829,-0.00012649110640673518,0.009,0.00015811388300841897,-0.00027828043409481733,0.00027835316648100147,-0.00027828043409481733,0.0004523321965104965,-0.0005692099788303082,0.036,0.0005375872022286245,-0.0011337492735565477,0.0009629862799074551,-0.0011368388188305323,0.001570339651874739
80,7.828282828282829,-0.00015811388300841897,0.01,0.00015811388300841897,-0.00028144271175498575,0.0003004163777159959,-0.00031622776601683794,0.0004965945969198724,-0.0005692099788303082,0.041,0.0005375872022286245,-0.0011463256518110373,0.0010485132415043695,-0.0012886281465186145,0.0017190267851782011
81,7.898989898989899,-0.00015811388300841897,0.01,0.00015811388300841897,-0.00028144271175498575,0.0003004163777159959,-0.00031622776601683794,0.0004965945969198724,-0.0005692099788303082,0.041,0.0005375872022286245,-0.0011463256518110373,0.0010485132415043695,-0.0012886281465186145,0.0017190267851782011
82,7.898989898989899,-0.00015811388300841897,0.011,0.00015811388300841897,-0.0002815154441411696,0.0003132836855152214,-0.0003573373755990269,0.0005566367628534857,-0.0005692099788303082,0.046,0.0005692099788303082,-0.0011496333942435737,0.001083516492924774,-0.001459391140167707,0.001706681253192931
83,7.96969696969697,-0.00015811388300841897,0.011,0.00015811388300841897,-0.0002815154441411696,0.0003132836855152214,-0.0003573373755990269,0.0005566367628534857,-0.0005692099788303082,0.046,0.0005692099788303082,-0.0011496333942435737,0.001083516492924774,-0.001459391140167707,0.001706681253192931
84,7.96969696969697,-0.00015811388300841897,0.013,0.00015811388300841897,-0.0002911477418940425,0.000341598719684369,-0.000407933818161721,0.00057563888931344,-0.0006008327554319921,0.052,0.0005692099788303082,-0.00120835372811524,0.001135548609545185,-0.0016475466609477255,0.0016358367467722065
85,8.04040404040404,-0.00015811388300841897,0.013,0.00015811388300841897,-0.0002911477418940425,0.000341598719684369,-0.000407933818161721,0.00057563888931344,-0.0006008327554319921,0.052,0.0005692099788303082,-0.00120835372811524,0.001135548609545185,-0.0016475466609477255,0.0016358367467722065
86,8.04040404040404,-0.00015811388300841897,0.014,0.00015811388300841897,-0.0003004163777159961,0.0003576283051437626,-0.00045853026072441506,0.0005946599894393571,-0.0006008327554319921,0.058,0.0005692099788303082,-0.0012072089836022593,0.001191033933370498,-0.0018451890147082493,0.0016879890299437014
87,8.11111111111111,-0.00015811388300841897,0.014,0.00015811388300841897,-0.0003004163777159961,0.0003576283051437626,-0.00045853026072441506,0.0005946599894393571,-0.0006008327554319921,0.058,0.0005692099788303082,-0.0012072089836022593,0.001191033933370498,-0.0018451890147082493,0.0016879890299437014
88,8.11111111111111,-0.00015811388300841897,0.016,0.00015811388300841897,-0.00031313822074285344,0.00039851971756739993,-0.0005154512586074458,0.000616900288223331,-0.0006324555320336759,0.065,0.0006324555320336759,-0.0012839574624145457,0.0012586592411331988,-0.00204915592378911,0.0019519316971273056
89,8.181818181818182,-0.00015811388300841897,0.016,0.00015811388300841897,-0.00031313822074285344,0.00039851971756739993,-0.0005154512586074458,0.000616900288223331,-0.0006324555320336759,0.065,0.0006324555320336759,-0.0012839574624145457,0.0012586592411331988,-0.00204915592378911,0.0019519316971273056
90,8.181818181818182,-0.00015811388300841897,0.018,0.00018973665961010276,-0.0003130654883566695,0.0004269802165089155,-0.0005249823634751933,0.0006801047318171124,-0.0006324555320336759,0.072,0.0006640783086353597,-0.0012840301948007296,0.0013064570679666447,-0.001957769261687904,0.0022394807670440575
91,8.252525252525253,-0.00015811388300841897,0.018,0.00018973665961010276,-0.0003130654883566695,0.0004269802165089155,-0.0005249823634751933,0.0006801047318171124,-0.0006324555320336759,0.072,0.0006640783086353597,-0.0012840301948007296,0.0013064570679666447,-0.001957769261687904,0.0022394807670440575
92,8.252525252525253,-0.00018973665961010276,0.02,0.00018973665961010276,-0.00032571459899734316,0.0004396293271495889,-0.0005407969140536954,0.000689623187574222,-0.0006640783086353597,0.079,0.0006957010852370434,-0.0013142900297308804,0.001352310094039086,-0.0020319499710401336,0.0022789143694663485
93,8.323232323232324,-0.00018973665961010276,0.02,0.00018973665961010276,-0.00032571459899734316,0.0004396293271495889,-0.0005407969140536954,0.000689623187574222,-0.0006640783086353597,0.079,0.0006957010852370434,-0.0013142900297308804,0.001352310094039086,-0.0020319499710401336,0.0022789143694663485
94,8.323232323232324,-0.00018973665961010276,0.022,0.00022135943621178657,-0.0003288768766575114,0.0004711793713650882,-0.000594539822888257,0.0007560246938824372,-0.0006957010852370434,0.088,0.0007273238618387272,-0.0013368623676691628,0.0013934197036212749,-0.002095220822464782,0.0023010471508098673
95,8.393939393939394,-0.00018973665961010276,0.022,0.00022135943621178657,-0.0003288768766575114,0.0004711793713650882,-0.000594539822888257,0.0007560246938824372,-0.0006957010852370434,0.088,0.0007273238618387272,-0.0013368623676691628,0.0013934197036212749,-0.002095220822464782,0.0023010471508098673
96,8.393939393939394,-0.00018973665961010276,0.025,0.00022135943621178657,-0.000360717850417747,0.0004997126026927877,-0.0005882374035115415,0.0008509056727981304,-0.000758946638440411,0.098,0.000758946638440411,-0.001397799458180607,0.0015086973734450536,-0.002008523818133606,0.0022585050294476362
97,8.464646464646464,-0.00018973665961010276,0.025,0.00022135943621178657,-0.000360717850417747,0.0004997126026927877,-0.0005882374035115415,0.0008509056727981304,-0.000758946638440411,0.098,0.000758946638440411,-0.001397799458180607,0.0015086973734450536,-0.002008523818133606,0.0022585050294476362
98,8.464646464646464,-0.00022135943621178657,0.027,0.00025298221281347036,-0.0003700592186258842,0.0005313353792944718,-0.0006008643782085937,0.0008732218662459548,-0.000758946638440411,0.107,0.0008221921916437786,-0.0014657884278742276,0.001640222825886777,-0.0018774790318962285,0.0024307922409289224
99,8.535353535353535,-0.00022135943621178657,0.027,0.00025298221281347036,-0.0003700592186258842,0.0005313353792944718,-0.0006008643782085937,0.0008732218662459548,-0.000758946638440411,0.107,0.0008221921916437786,-0.0014657884278742276,0.001640222825886777,-0.0018774790318962285,0.0024307922409289224
100,8.535353535353535,-0.00022135943621178657,0.03,0.00025298221281347036,-0.00040319040167146827,0.0005615952142246234,-0.0006087953705802959,0.0009885311588463245,-0.000758946638440411,0.117,0.0008538149682454625,-0.0014992105404645472,0.0018627270066115433,-0.0020309348799112197,0.002745141614015594
101,8.606060606060606,-0.00022135943621178657,0.03,0.00025298221281347036,-0.00040319040167146827,0.0005615952142246234,-0.0006087953705802959,0.0009885311588463245,-0.000758946638440411,0.117,0.0008538149682454625,-0.0014992105404645472,0.0018627270066115433,-0.0020309348799112197,0.002745141614015594
102,8.606060606060606,-0.00025298221281347036,0.034,0.0002846049894151541,-0.0004506972989601779,0.0006151357372889338,-0.0006056267683648073,0.0010644194981350445,-0.0008221921916437786,0.128,0.0009486832980505138,-0.001603492970863919,0.0019164857268344068,-0.0021191782380182173,0.0031212724057489865
103,8.676767676767676,-0.00025298221281347036,0.034,0.0002846049894151541,-0.0004506972989601779,0.0006151357372889338,-0.0006056267683648073,0.0010644194981350445,-0.0008221921916437786,0.128,0.0009486832980505138,-0.001603492970863919,0.0019164857268344068,-0.0021191782380182173,0.0031212724057489865
104,8.676767676767676,-0.00025298221281347036,0.037,0.00031622776601683794,-0.0004854823532220301,0.0006688944575117959,-0.000662506656638256,0.0011783943095628453,-0.0009170605214488301,0.141,0.0010435516278555653,-0.0017599529826560708,0.002013153392628093,-0.0023702915447345293,0.0036322110941353907
105,8.747474747474747,-0.00025298221281347036,0.037,0.00031622776601683794,-0.0004854823532220301,0.0006688944575117959,-0.000662506656638256,0.0011783943095628453,-0.0009170605214488301,0.141,0.0010435516278555653,-0.0017599529826560708,0.002013153392628093,-0.0023702915447345293,0.0036322110941353907
106,8.747474747474747,-0.00025298221281347036,0.041,0.0003478505426185217,-0.0005203401398700663,0.0007636900549306636,-0.0006562295354828216,0.0013048569554706363,-0.0009486832980505138,0.154,0.001075174404457249,-0.0017666411999073275,0.0022825288528318774,-0.0024428594924800727,0.003771136276301891
107,8.818181818181818,-0.00025298221281347036,0.041,0.0003478505426185217,-0.0005203401398700663,0.0007636900549306636,-0.0006562295354828216,0.0013048569554706363,-0.0009486832980505138,0.154,0.001075174404457249,-0.0017666411999073275,0.0022825288528318774,-0.0024428594924800727,0.003771136276301891
108,8.818181818181818,-0.00031622776601683794,0.045,0.0003478505426185217,-0.0005723722564904766,0.0008158676363234416,-0.0007084766869841238,0.001505614152726422,-0.0010435516278555653,0.169,0.0011700427342623003,-0.0018736495136497655,0.0023987330700100825,-0.00268319575693053,0.0035756917055152376
109,8.88888888888889,-0.00031622776601683794,0.045,0.0003478505426185217,-0.0005723722564904766,0.0008158676363234416,-0.0007084766869841238,0.001505614152726422,-0.0010435516278555653,0.169,0.0011700427342623003,-0.0018736495136497655,0.0023987330700100825,-0.00268319575693053,0.0035756917055152376
110,8.88888888888889,-0.00031622776601683794,0.049,0.0003794733192202055,-0.0005914186548376709,0.0008539604330178305,-0.000762216433541025,0.0016668903133950092,-0.001106797181058933,0.185,0.0012649110640673518,-0.001995688133110982,0.0026756505624333676,-0.0028303523478464647,0.004297576449778414
111,8.959595959595958,-0.00031622776601683794,0.049,0.0003794733192202055,-0.0005914186548376709,0.0008539604330178305,-0.000762216433541025,0.0016668903133950092,-0.001106797181058933,0.185,0.0012649110640673518,-0.001995688133110982,0.0026756505624333676,-0.0028303523478464647,0.004297576449778414
112,8.959595959595958,-0.0003478505426185217,0.054,0.0004110960958218893,-0.0006640783086353596,0.0009901565695636227,-0.0008539161611305879,0.0016165342039345095,-0.0011384199576606165,0.201,0.0013914021704740868,-0.002037379601782642,0.0030169583525730052,-0.003146621223472885,0.004446222473472291
113,9.030303030303031,-0.0003478505426185217,0.054,0.0004110960958218893,-0.0006640783086353596,0.0009901565695636227,-0.0008539161611305879,0.0016165342039345095,-0.0011384199576606165,0.201,0.0013914021704740868,-0.002037379601782642,0.0030169583525730052,-0.003146621223472885,0.004446222473472291
114,9.030303030303031,-0.0003794733192202055,0.06,0.00044271887242357315,-0.0006959192823955948,0.0011198099536305264,-0.0009740510894403842,0.0018190401407363833,-0.0012965338406690356,0.22,0.0014230249470757706,-0.0022570851667781623,0.0031894479498245473,-0.0034263910903456424,0.005026750244048365
115,9.1010101010101,-0.0003794733192202055,0.06,0.00044271887242357315,-0.0006959192823955948,0.0011198099536305264,-0.0009740510894403842,0.0018190401407363833,-0.0012965338406690356,0.22,0.0014230249470757706,-0.0022570851667781623,0.0031894479498245473,-0.0034263910903456424,0.005026750244048365
116,9.1010101010101,-0.0004110960958218893,0.065,0.0004743416490252569,-0.0007371743567501517,0.0012308533336673393,-0.0011036696884530262,0.0019896798055567175,-0.0013914021704740868,0.24,0.0015495160534825059,-0.002438988864624026,0.0033290435348550217,-0.0034374464130455906,0.004844663134098187
117,9.171717171717171,-0.0004110960958218893,0.065,0.0004743416490252569,-0.0007371743567501517,0.0012308533336673393,-0.0011036696884530262,0.0019896798055567175,-0.0013914021704740868,0.24,0.0015495160534825059,-0.002438988864624026,0.0033290435348550217,-0.0034374464130455906,0.004844663134098187
118,9.171717171717171,-0.00044271887242357315,0.071,0.0005692099788303082,-0.0008111969522193728,0.001298624106202408,-0.0011496175828552724,0.0021432400087345125,-0.001359779393872403,0.259,0.0017392527130926088,-0.0025365103453859612,0.003558507888709816,-0.0037062779614918263,0.005246468458154519
119,9.242424242424242,-0.00044271887242357315,0.071,0.0005692099788303082,-0.0008111969522193728,0.001298624106202408,-0.0011496175828552724,0.0021432400087345125,-0.001359779393872403,0.259,0.0017392527130926088,-0.0025365103453859612,0.003558507888709816,-0.0037062779614918263,0.005246468458154519
120,9.242424242424242,-0.0004743416490252569,0.078,0.0006008327554319921,-0.0008668277408170557,0.0013796985808538055,-0.0012934569445056917,0.002322003564863839,-0.0014230249470757706,0.28,0.0018341210428976602,-0.0027517823971019225,0.0037705449303794304,-0.004087275498544233,0.005833820423921277
121,9.313131313131313,-0.0004743416490252569,0.078,0.0006008327554319921,-0.0008668277408170557,0.0013796985808538055,-0.0012934569445056917,0.002322003564863839,-0.0014230249470757706,0.28,0.0018341210428976602,-0.0027517823971019225,0.0037705449303794304,-0.004087275498544233,0.005833820423921277
122,9.313131313131313,-0.0005059644256269407,0.085,0.0006324555320336759,-0.0009518455757106822,0.0015306151199076798,-0.0013156086995151713,0.002660427357777403,-0.0015811388300841897,0.305,0.0018973665961010276,-0.003003309962191715,0.003993321066982973,-0.004561765774619517,0.006797385400640463
123,9.383838383838384,-0.0005059644256269407,0.085,0.0006324555320336759,-0.0009518455757106822,0.0015306151199076798,-0.0013156086995151713,0.002660427357777403,-0.0015811388300841897,0.305,0.0018973665961010276,-0.003003309962191715,0.003993321066982973,-0.004561765774619517,0.006797385400640463
124,9.383838383838384,-0.0005692099788303082,0.094,0.0006957010852370434,-0.001036009595636063,0.0016622133047355873,-0.0014341814626608444,0.003467684112032144,-0.001707629936490925,0.326,0.001992234925906079,-0.0032353009758969865,0.004250973963900511,-0.004768945557803107,0.006792857019031123
125,9.454545454545453,-0.0005692099788303082,0.094,0.0006957010852370434,-0.001036009595636063,0.0016622133047355873,-0.0014341814626608444,0.003467684112032144,-0.001707629936490925,0.326,0.001992234925906079,-0.0032353009758969865,0.004250973963900511,-0.004768945557803107,0.006792857019031123
126,9.454545454545453,-0.0006324555320336759,0.103,0.000758946638440411,-0.001122826766518327,0.001862727006611543,-0.0016665519496853378,0.00355792919189804,-0.0017708754896942926,0.349,0.002181971585516182,-0.0033193922634361856,0.004375593001932428,-0.0051373762034340065,0.006933508804800086
127,9.525252525252526,-0.0006324555320336759,0.103,0.000758946638440411,-0.001122826766518327,0.001862727006611543,-0.0016665519496853378,0.00355792919189804,-0.0017708754896942926,0.349,0.002181971585516182,-0.0033193922634361856,0.004375593001932428,-0.0051373762034340065,0.006933508804800086
128,9.525252525252526,-0.0006957010852370434,0.113,0.0008854377448471463,-0.0012618942511795506,0.002020695424847595,-0.0018057396008976487,0.0035706889822568286,-0.0017708754896942926,0.371,0.002434953798329652,-0.0035438412449219562,0.0048876637857211535,-0.005071442714219494,0.006731698569083509
129,9.595959595959595,-0.0006957010852370434,0.113,0.0008854377448471463,-0.0012618942511795506,0.002020695424847595,-0.0018057396008976487,0.0035706889822568286,-0.0017708754896942926,0.371,0.002434953798329652,-0.0035438412449219562,0.0048876637857211535,-0.005071442714219494,0.006731698569083509
130,9.595959595959595,-0.0007273238618387272,0.124,0.0009486832980505138,-0.0013582709874285029,0.002256576040074874,-0.0019844620474173853,0.004352881523777095,-0.0018657438194993438,0.393,0.002593067681338071,-0.0036685330153400568,0.004867327178088602,-0.005009136357481199,0.007222768666930992
131,9.666666666666666,-0.0007273238618387272,0.124,0.0009486832980505138,-0.0013582709874285029,0.002256576040074874,-0.0019844620474173853,0.004352881523777095,-0.0018657438194993438,0.393,0.002593067681338071,-0.0036685330153400568,0.004867327178088602,-0.005009136357481199,0.007222768666930992
132,9.666666666666666,-0.0008221921916437786,0.135,0.0010435516278555653,-0.001508624641058868,0.0023500086958222095,-0.002166311986543027,0.004402241515774694,-0.001992234925906079,0.424,0.002593067681338071,-0.003929784584234867,0.004941713435488742,-0.005109352098809597,0.007635379493752102
133,9.737373737373737,-0.0008221921916437786,0.135,0.0010435516278555653,-0.001508624641058868,0.0023500086958222095,-0.002166311986543027,0.004402241515774694,-0.001992234925906079,0.424,0.002593067681338071,-0.003929784584234867,0.004941713435488742,-0.005109352098809597,0.007635379493752102
134,9.737373737373737,-0.0008854377448471463,0.148,0.0012016655108639841,-0.0016190861620062106,0.0026275997533871114,-0.002435077127158399,0.004250199205873774,-0.002150348808914498,0.45,0.0026563132345414388,-0.004021272439221196,0.0052516893785714315,-0.00517200630609051,0.007787143523218896
135,9.808080808080808,-0.0008854377448471463,0.148,0.0012016655108639841,-0.0016190861620062106,0.0026275997533871114,-0.002435077127158399,0.004250199205873774,-0.002150348808914498,0.45,0.0026563132345414388,-0.004021272439221196,0.0052516893785714315,-0.00517200630609051,0.007787143523218896
136,9.808080808080808,-0.0009803060746521976,0.163,0.0013281566172707194,-0.0018029346606130796,0.002891412767186658,-0.0025266946355287966,0.004500847657774115,-0.002276839915321233,0.486,0.002624690457939755,-0.004460392639667501,0.005241475221729087,-0.005975161586220075,0.007232413613794665
137,9.878787878787879,-0.0009803060746521976,0.163,0.0013281566172707194,-0.0018029346606130796,0.002891412767186658,-0.0025266946355287966,0.004500847657774115,-0.002276839915321233,0.486,0.002624690457939755,-0.004460392639667501,0.005241475221729087,-0.005975161586220075,0.007232413613794665
138,9.878787878787879,-0.001106797181058933,0.18,0.0013914021704740868,-0.002000213352442683,0.0030535427428234887,-0.0026831957569305297,0.0049829432116220915,-0.0023717082451262844,0.516,0.0025298221281347035,-0.004628429749973521,0.00534641224360412,-0.006506623456620947,0.008179873110390588
139,9.949494949494948,-0.001106797181058933,0.18,0.0013914021704740868,-0.002000213352442683,0.0030535427428234887,-0.0026831957569305297,0.0049829432116220915,-0.0023717082451262844,0.516,0.0025298221281347035,-0.004628429749973521,0.00534641224360412,-0.006506623456620947,0.008179873110390588
140,9.949494949494948,-0.0011700427342623003,0.196,0.0015495160534825059,-0.0021975110179382478,0.0034454469755258194,-0.003106975748447354,0.005773563223106755,-0.002593067681338071,0.545,0.0026563132345414388,-0.0046868971016323846,0.005142299869750889,-0.00704897304900579,0.008291877822836063
141,10.02020202020202,-0.0011700427342623003,0.196,0.0015495160534825059,-0.0021975110179382478,0.0034454469755258194,-0.003106975748447354,0.005773563223106755,-0.002593067681338071,0.545,0.0026563132345414388,-0.0046868971016323846,0.005142299869750889,-0.00704897304900579,0.008291877822836063
142,10.02020202020202,-0.0013281566172707194,0.218,0.0015811388300841897,-0.0024018953476702513,0.0035845871925732267,-0.0033821128785479645,0.005855020333354962,-0.0026879360111431226,0.586,0.0026879360111431226,-0.005038599298440993,0.005198822420648735,-0.007121477751198139,0.007523292562087437
143,10.09090909090909,-0.0013281566172707194,0.218,0.0015811388300841897,-0.0024018953476702513,0.0035845871925732267,-0.0033821128785479645,0.005855020333354962,-0.0026879360111431226,0.586,0.0026879360111431226,-0.005038599298440993,0.005198822420648735,-0.007121477751198139,0.007523292562087437
144,10.09090909090909,-0.0014546477236774544,0.239,0.0018024982662959764,-0.002632741616862543,0.003992884672665866,-0.0039356411224614985,0.007073180284494446,-0.002624690457939755,0.617,0.002909295447354909,-0.0051282150850524965,0.005290582231513834,-0.007774788504400623,0.0071394236769196364
145,10.161616161616163,-0.0014546477236774544,0.239,0.0018024982662959764,-0.002632741616862543,0.003992884672665866,-0.0039356411224614985,0.007073180284494446,-0.002624690457939755,0.617,0.002909295447354909,-0.0051282150850524965,0.005290582231513834,-0.007774788504400623,0.0071394236769196364
146,10.161616161616163,-0.0016760071598892411,0.266,0.0018973665961010276,-0.003024936779109605,0.004236089122954096,-0.004059058494982549,0.0074615838758269205,-0.002719558787744806,0.654,0.00275118156434649,-0.005427287494762923,0.0052611034791657536,-0.007696180606324149,0.0068924308179945
147,10.232323232323232,-0.0016760071598892411,0.266,0.0018973665961010276,-0.003024936779109605,0.004236089122954096,-0.004059058494982549,0.0074615838758269205,-0.002719558787744806,0.654,0.00275118156434649,-0.005427287494762923,0.0052611034791657536,-0.007696180606324149,0.0068924308179945
148,10.232323232323232,-0.0017708754896942926,0.293,0.0020554804791094467,-0.0033055256758963455,0.004332902253520154,-0.004468731565857363,0.0067877436160547365,-0.0026879360111431226,0.691,0.0026879360111431226,-0.005219503716546241,0.00498727553201645,-0.00725438511897735,0.006770619882524811
149,10.303030303030303,-0.0017708754896942926,0.293,0.0020554804791094467,-0.0033055256758963455,0.004332902253520154,-0.004468731565857363,0.0067877436160547365,-0.0026879360111431226,0.691,0.0026879360111431226,-0.005219503716546241,0.00498727553201645,-0.00725438511897735,0.006770619882524811
150,10.303030303030303,-0.001992234925906079,0.325,0.002245217138719549,-0.0036188283350775297,0.004783637499812254,-0.005099340327737503,0.008312524333679312,-0.002624690457939755,0.72,0.0026879360111431226,-0.005397609518922234,0.004568219983323925,-0.007795134598866136,0.006856004541627017
151,10.373737373737374,-0.001992234925906079,0.325,0.002245217138719549,-0.0036188283350775297,0.004783637499812254,-0.005099340327737503,0.008312524333679312,-0.002624690457939755,0.72,0.0026879360111431226,-0.005397609518922234,0.004568219983323925,-0.007795134598866136,0.006856004541627017
152,10.373737373737374,-0.0020554804791094467,0.359,0.0025614449047363873,-0.0038686292965648687,0.005344903837160213,-0.005606734102866838,0.008631851131803253,-0.0027828043409481736,0.758,0.002434953798329652,-0.005285965306129996,0.004400745758441416,-0.008249667740628103,0.00593447572184439
153,10.444444444444445,-0.0020554804791094467,0.359,0.0025614449047363873,-0.0038686292965648687,0.005344903837160213,-0.005606734102866838,0.008631851131803253,-0.0027828043409481736,0.758,0.002434953798329652,-0.005285965306129996,0.004400745758441416,-0.008249667740628103,0.00593447572184439
154,10.444444444444445,-0.002276839915321233,0.397,0.00275118156434649,-0.004460610836826049,0.005896794021245779,-0.0056595156792927075,0.008392922080911554,-0.0025298221281347035,0.787,0.002434953798329652,-0.005083870465423961,0.0041278823059784685,-0.009134457218554916,0.0057452039170503705
155,10.515151515151516,-0.002276839915321233,0.397,0.00275118156434649,-0.004460610836826049,0.005896794021245779,-0.0056595156792927075,0.008392922080911554,-0.0025298221281347035,0.787,0.002434953798329652,-0.005083870465423961,0.0041278823059784685,-0.009134457218554916,0.0057452039170503705
156,10.515151515151516,-0.0025298221281347035,0.441,0.002909295447354909,-0.004583866933186435,0.006452520048133135,-0.005946944582658392,0.009283229733355226,-0.0025298221281347035,0.819,0.002245217138719549,-0.0049876391939473715,0.003997264427225198,-0.006810293818049263,0.00521821034498327
157,10.585858585858585,-0.0025298221281347035,0.441,0.002909295447354909,-0.004583866933186435,0.006452520048133135,-0.005946944582658392,0.009283229733355226,-0.0025298221281347035,0.819,0.002245217138719549,-0.0049876391939473715,0.003997264427225198,-0.006810293818049263,0.00521821034498327
158,10.585858585858585,-0.002877672670753225,0.491,0.0031306548835666956,-0.005230353491198273,0.0061281873644732894,-0.007009428766865384,0.00838278698101066,-0.002593067681338071,0.853,0.002023857702507763,-0.005197712461190018,0.0033983764725542148,-0.007601394495738265,0.004602701458930399
159,10.656565656565657,-0.002877672670753225,0.491,0.0031306548835666956,-0.005230353491198273,0.0061281873644732894,-0.007009428766865384,0.00838278698101066,-0.002593067681338071,0.853,0.002023857702507763,-0.005197712461190018,0.0033983764725542148,-0.007601394495738265,0.004602701458930399
160,10.656565656565657,-0.003067409330363328,0.542,0.0032571459899734304,-0.005464852191088061,0.0069418540555452515,-0.007268280167016128,0.009410985750826006,-0.002276839915321233,0.879,0.0018024982662959764,-0.00477065951229493,0.0031165700988683,-0.006503230332691593,0.00376786015664594
161,10.727272727272727,-0.003067409330363328,0.542,0.0032571459899734304,-0.005464852191088061,0.0069418540555452515,-0.007268280167016128,0.009410985750826006,-0.002276839915321233,0.879,0.0018024982662959764,-0.00477065951229493,0.0031165700988683,-0.006503230332691593,0.00376786015664594
162,10.727272727272727,-0.003193900436770063,0.594,0.003573373755990269,-0.00607668018594446,0.0068913493190347055,-0.008260318291787552,0.010690421156186538,-0.002308462691922917,0.907,0.0015495160534825059,-0.00455606102572057,0.0025853074519600183,-0.006392642320637843,0.0029361842942993294
163,10.797979797979798,-0.003193900436770063,0.594,0.003573373755990269,-0.00607668018594446,0.0068913493190347055,-0.008260318291787552,0.010690421156186538,-0.002308462691922917,0.907,0.0015495160534825059,-0.00455606102572057,0.0025853074519600183,-0.006392642320637843,0.0029361842942993294
164,10.797979797979798,-0.0032255232133717466,0.652,0.0036998648623970043,-0.006410120229265594,0.007538980621559529,-0.010071908106356511,0.011017375368026628,-0.0019606121493043953,0.928,0.0014546477236774544,-0.004131515763009989,0.0022151755009479483,-0.006180817151571473,0.0022879078871318164
165,10.868686868686869,-0.0032255232133717466,0.652,0.0036998648623970043,-0.006410120229265594,0.007538980621559529,-0.010071908106356511,0.011017375368026628,-0.0019606121493043953,0.928,0.0014546477236774544,-0.004131515763009989,0.0022151755009479483,-0.006180817151571473,0.0022879078871318164
166,10.868686868686869,-0.0036682420857953204,0.712,0.0038896015220071067,-0.006599746209157596,0.007302135511645893,-0.009629622465972381,0.009120008771925606,-0.0018341210428976602,0.949,0.0012016655108639841,-0.004123265380594606,0.0016080181901956159,-0.006380075429216331,0.00160801819019563
167,10.93939393939394,-0.0036682420857953204,0.712,0.0038896015220071067,-0.006599746209157596,0.007302135511645893,-0.009629622465972381,0.009120008771925606,-0.0018341210428976602,0.949,0.0012016655108639841,-0.004123265380594606,0.0016080181901956159,-0.006380075429216331,0.00160801819019563
168,10.93939393939394,-0.0038896015220071067,0.774,0.0039212242986087905,-0.007120487958290502,0.007138841817830117,-0.010557668740012635,0.007138841817830124,-0.0015811388300841897,0.967,0.0009803060746521976,-0.0036428901057937424,0.0010482950443458216,-0.006114548460924972,0.0010482950443458287
169,11.01010101010101,-0.0038896015220071067,0.774,0.0039212242986087905,-0.007120487958290502,0.007138841817830117,-0.010557668740012635,0.007138841817830124,-0.0015811388300841897,0.967,0.0009803060746521976,-0.0036428901057937424,0.0010482950443458216,-0.006114548460924972,0.0010482950443458287
170,11.01010101010101,-0.004110960958218893,0.828,0.0031622776601683794,-0.007311549612240213,0.00543911757548961,-0.010936477980924208,0.005439117575489617,-0.001359779393872403,0.981,0.0006008327554319921,-0.0034666753454585257,0.0006024138942620871,-0.006272950111200469,0.0006024138942620871
171,11.08080808080808,-0.004110960958218893,0.828,0.0031622776601683794,-0.007311549612240213,0.00543911757548961,-0.010936477980924208,0.005439117575489617,-0.001359779393872403,0.981,0.0006008327554319921,-0.0034666753454585257,0.0006024138942620871,-0.006272950111200469,0.0006024138942620871
172,11.08080808080808,-0.0037314876389986876,0.886,0.003604996532591953,-0.007676647217217298,0.0036192267820627155,-0.009855535582014812,0.0036192267820627155,-0.001233288287465668,0.995,0.00015811388300841897,-0.0031430320383285847,0.00015653274417834563,-0.005507720027049303,0.00015653274417835265
173,11.151515151515152,-0.0037314876389986876,0.886,0.003604996532591953,-0.007676647217217298,0.0036192267820627155,-0.009855535582014812,0.0036192267820627155,-0.001233288287465668,0.995,0.00015811388300841897,-0.0031430320383285847,0.00015653274417834563,-0.005507720027049303,0.00015653274417835265
174,11.151515151515152,-0.002877672670753225,0.911,0.0028144271175498574,-0.006685001214875729,0.002825495089360455,-0.01064926727471707,0.002825495089360455,-0.0008854377448471463,1.0,0.0,-0.002732207898385481,3.162277660171542e-06,-0.004621741532722275,3.1622776601785635e-06
175,11.222222222222221,-0.002877672670753225,0.911,0.0028144271175498574,-0.006685001214875729,0.002825495089360455,-0.01064926727471707,0.002825495089360455,-0.0008854377448471463,1.0,0.0,-0.002732207898385481,3.162277660171542e-06,-0.004621741532722275,3.1622776601785635e-06
176,11.222222222222221,-0.004300697617828996,1.0,0.0,-0.007967741200391107,1.0532500405730104e-17,-0.011046939501871541,1.0532500405730104e-17,-0.0003478505426185217,1.0,0.0,-0.001998559481226403,1.0532500405730104e-17,-0.004588499669958577,1.7554167342883506e-17
177,11.292929292929292,-0.004300697617828996,1.0,0.0,-0.007967741200391107,1.0532500405730104e-17,-0.011046939501871541,1.0532500405730104e-17,-0.0003478505426185217,1.0,0.0,-0.001998559481226403,1.0532500405730104e-17,-0.004588499669958577,1.7554167342883506e-17
178,11.292929292929292,-0.0037631104156003715,1.0,0.0,-0.006840515705647492,7.021666937153402e-18,-0.010907938425041185,7.021666937153402e-18,-0.0,1.0,0.0,-0.0011387108872053509,1.0532500405730104e-17,-0.004022983231435345,1.7554167342883506e-17
179,11.363636363636363,-0.0037631104156003715,1.0,0.0,-0.006840515705647492,7.021666937153402e-18,-0.010907938425041185,7.021666937153402e-18,-0.0,1.0,0.0,-0.0011387108872053509,1.0532500405730104e-17,-0.004022983231435345,1.7554167342883506e-17
180,11.363636363636363,-0.0,1.0,0.0,-0.005613842903046896,7.021666937153402e-18,-0.010907938425041185,7.021666937153402e-18,-0.0,1.0,0.0,-0.0006155911052719963,7.021666937153402e-18,-0.0027372232707545082,1.4043333874306803e-17
181,11.434343434343434,-0.0,1.0,0.0,-0.005613842903046896,7.021666937153402e-18,-0.010907938425041185,7.021666937153402e-18,-0.0,1.0,0.0,-0.0006155911052719963,7.021666937153402e-18,-0.0027372232707545082,1.4043333874306803e-17
182,11.434343434343434,-0.0,1.0,0.0,-0.004883903837583202,7.021666937153402e-18,-0.007235563242344027,7.021666937153402e-18,-0.0,1.0,0.0,-7.963880059368148e-05,7.021666937153402e-18,-0.001588459502867479,1.4043333874306803e-17
183,11.505050505050505,-0.0,1.0,0.0,-0.004883903837583202,7.021666937153402e-18,-0.007235563242344027,7.021666937153402e-18,-0.0,1.0,0.0,-7.963880059368148e-05,7.021666937153402e-18,-0.001588459502867479,1.4043333874306803e-17
184,11.505050505050505,-0.0,1.0,0.0,-7.021666937153402e-18,7.021666937153402e-18,-0.006707345868822478,7.021666937153402e-18,-0.0,1.0,0.0,-1.0532500405730104e-17,7.021666937153402e-18,-0.0009930690272886365,1.4043333874306803e-17
185,11.575757575757574,-0.0,1.0,0.0,-7.021666937153402e-18,7.021666937153402e-18,-0.006707345868822478,7.021666937153402e-18,-0.0,1.0,0.0,-1.0532500405730104e-17,7.021666937153402e-18,-0.0009930690272886365,1.4043333874306803e-17
186,11.575757575757574,-0.0,1.0,0.0,-7.021666937153402e-18,7.021666937153402e-18,-0.006707345868822478,7.021666937153402e-18,-0.0,1.0,0.0,-1.0532500405730104e-17,7.021666937153402e-18,-0.0009804325657586054,1.4043333874306803e-17
187,11.646464646464647,-0.0,1.0,0.0,-7.021666937153402e-18,7.021666937153402e-18,-0.006707345868822478,7.021666937153402e-18,-0.0,1.0,0.0,-1.0532500405730104e-17,7.021666937153402e-18,-0.0009804325657586054,1.4043333874306803e-17
188,11.646464646464647,-0.0,1.0,0.0,-7.021666937153402e-18,7.021666937153402e-18,-7.021666937153402e-18,7.021666937153402e-18,-0.0,1.0,0.0,-1.0532500405730104e-17,7.021666937153402e-18,-1.4043333874306803e-17,1.4043333874306803e-17
189,11.717171717171716,-0.0,1.0,0.0,-7.021666937153402e-18,7.021666937153402e-18,-7.021666937153402e-18,7.021666937153402e-18,-0.0,1.0,0.0,-1.0532500405730104e-17,7.021666937153402e-18,-1.4043333874306803e-17,1.4043333874306803e-17
190,11.717171717171716,-0.0,1.0,0.0,-7.021666937153402e-18,7.021666937153402e-18,-7.021666937153402e-18,7.021666937153402e-18,-0.0,1.0,0.0,-1.0532500405730104e-17,7.021666937153402e-18,-1.4043333874306803e-17,1.4043333874306803e-17
191,11.787878787878787,-0.0,1.0,0.0,-7.021666937153402e-18,7.021666937153402e-18,-7.021666937153402e-18,7.021666937153402e-18,-0.0,1.0,0.0,-1.0532500405730104e-17,7.021666937153402e-18,-1.4043333874306803e-17,1.4043333874306803e-17
192,11.787878787878787,-0.0,1.0,0.0,-7.021666937153402e-18,7.021666937153402e-18,-7.021666937153402e-18,7.021666937153402e-18,-0.0,1.0,0.0,-1.0532500405730104e-17,7.021666937153402e-18,-1.4043333874306803e-17,1.4043333874306803e-17
193,11.858585858585858,-0.0,1.0,0.0,-7.021666937153402e-18,7.021666937153402e-18,-7.021666937153402e-18,7.021666937153402e-18,-0.0,1.0,0.0,-1.0532500405730104e-17,7.021666937153402e-18,-1.4043333874306803e-17,1.4043333874306803e-17
194,11.858585858585858,-0.0,1.0,0.0,-7.021666937153402e-18,7.021666937153402e-18,-7.021666937153402e-18,7.021666937153402e-18,-0.0,1.0,0.0,-1.0532500405730104e-17,7.021666937153402e-18,-1.4043333874306803e-17,1.4043333874306803e-17
195,11.929292929292929,-0.0,1.0,0.0,-7.021666937153402e-18,7.021666937153402e-18,-7.021666937153402e-18,7.021666937153402e-18,-0.0,1.0,0.0,-1.0532500405730104e-17,7.021666937153402e-18,-1.4043333874306803e-17,1.4043333874306803e-17
196,11.929292929292929,-0.0,1.0,0.0,-7.021666937153402e-18,7.021666937153402e-18,-7.021666937153402e-18,7.021666937153402e-18,-0.0,1.0,0.0,-1.0532500405730104e-17,7.021666937153402e-18,-1.4043333874306803e-17,1.4043333874306803e-17
197,12.0,-0.0,1.0,0.0,-7.021666937153402e-18,7.021666937153402e-18,-7.021666937153402e-18,7.021666937153402e-18,-0.0,1.0,0.0,-1.0532500405730104e-17,7.021666937153402e-18,-1.4043333874306803e-17,1.4043333874306803e-17
